<?xml version="1.0" encoding="UTF-8"?>
<project-private xmlns="http://www.netbeans.org/ns/project-private/1">
    <editor-bookmarks xmlns="http://www.netbeans.org/ns/editor-bookmarks/2" lastBookmarkId="0"/>
    <open-files xmlns="http://www.netbeans.org/ns/projectui-open-files/2">
        <group>
            <file>file:/C:/Users/BOG-A209-E-013/Documents/NetBeansProjects/EjemploFramework/web/WEB-INF/jsp.jsp</file>
            <file>file:/C:/Users/BOG-A209-E-013/Documents/NetBeansProjects/EjemploFramework/web/WEB-INF/css/bootstrap.css</file>
            <file>file:/C:/Users/BOG-A209-E-013/Documents/NetBeansProjects/EjemploFramework/src/java/servlet.java</file>
            <file>file:/C:/Users/BOG-A209-E-013/Documents/NetBeansProjects/EjemploFramework/web/index.html</file>
        </group>
    </open-files>
</project-private>
